0,0,100,0,0,0
4.98115,-3.83901,102.805,0,0,0.458407
4.98115,-3.83901,102.805,0,0,0.458407
1.12063,10.2777,130.713,0,0,-1.14159
1.12063,10.2777,130.713,0,0,-1.14159
-23.2893,18.5277,162.102,0,0,-0.941593
-23.2893,18.5277,162.102,0,0,-0.941593
-20.9437,-21.1819,169.081,0,0,3.14159
-20.9437,-21.1819,169.081,0,0,3.14159
7.31206,-3.59677,188.603,0,0,-2.94159
7.31206,-3.59677,188.603,0,0,-2.94159
10.8754,6.92887,187.941,0,0,-1.94159
10.8754,6.92887,187.941,0,0,-1.94159
11.3702,-7.54852,194.637,0,0,3.14159
11.3702,-7.54852,194.637,0,0,3.14159
9.24589,-7.5849,196.907,0,0,3.14159
9.24589,-7.5849,196.907,0,0,3.14159
13.3,-16.1735,206.422,0,0,0
13.3,-16.1735,206.422,0,0,0
13.8599,-7.80567,228.799,0,0,3.05841
13.8599,-7.80567,228.799,0,0,3.05841
17.2651,-7.89443,229.426,0,0,3.05841
17.2651,-7.89443,229.426,0,0,3.05841
12.9535,-3.17261,248.713,0,0,-2.94159
12.9535,-3.17261,248.713,0,0,-2.94159
19.1467,-2.03937,253.428,0,0,3.05841
19.1467,-2.03937,253.428,0,0,3.05841
15.3622,-12.3387,268.639,0,0,-2.94159
15.3622,-12.3387,268.639,0,0,-2.94159
16.6626,-22.2462,257.691,0,0,-2.94159
16.6626,-22.2462,257.691,0,0,-2.94159
-15.0745,-20.0384,260.005,0,0,3.14159
-15.0745,-20.0384,260.005,0,0,3.14159
-17.3949,8.3526,258.564,0,0,-1.54159
-17.3949,8.3526,258.564,0,0,-1.54159
16.2628,13.5482,233.847,0,0,-1.94159
16.2628,13.5482,233.847,0,0,-1.94159
13.0887,13.8391,219.245,0,0,-1.94159
13.0887,13.8391,219.245,0,0,-1.94159
10.2266,36.6468,187.763,0,0,-0.941593
10.2266,36.6468,187.763,0,0,-0.941593
8.95748,38.7222,188.904,0,0,-0.741593
8.95748,38.7222,188.904,0,0,-0.741593
-14.8674,61.6768,225.812,0,0,-0.741593
-14.8674,61.6768,225.812,0,0,-0.741593
-25.63,74.3287,230.826,0,0,-0.741593
-25.63,74.3287,230.826,0,0,-0.741593
-3.3478,112.977,228.714,0,0,-0.541593
-3.3478,112.977,228.714,0,0,-0.541593
18.278,140.971,266.175,0,0,-0.541593
18.278,140.971,266.175,0,0,-0.541593
19.8558,151.215,258.583,0,0,-0.541593
19.8558,151.215,258.583,0,0,-0.541593
29.766,191.546,202.602,0,0,-0.741593
29.766,191.546,202.602,0,0,-0.741593
-31.5489,170.242,156.287,0,0,-0.541593
-31.5489,170.242,156.287,0,0,-0.541593
-21.1021,150.005,148.207,0,0,-0.341593
-21.1021,150.005,148.207,0,0,-0.341593
-28.7294,144.154,123.236,0,0,-0.541593
-28.7294,144.154,123.236,0,0,-0.541593
104.627,119.362,105.859,0,0,3.05841
104.627,119.362,105.859,0,0,3.05841
133.218,120.401,135.292,0,0,3.05841
133.218,120.401,135.292,0,0,3.05841
166.252,120.334,154.903,0,0,3.05841
166.252,120.334,154.903,0,0,3.05841
79.5511,93.3822,199.553,0,0,3.05841
79.5511,93.3822,199.553,0,0,3.05841
45.7193,62.9571,236.647,0,0,-1.14159
45.7193,62.9571,236.647,0,0,-1.14159
84.1857,76.9428,238.263,0,0,3.05841
84.1857,76.9428,238.263,0,0,3.05841
98.1851,101.529,275.731,0,0,3.05841
98.1851,101.529,275.731,0,0,3.05841
90.1583,38.7738,268.243,0,0,-0.741593
90.1583,38.7738,268.243,0,0,-0.741593
91.4772,51.0657,241.739,0,0,3.05841
91.4772,51.0657,241.739,0,0,3.05841
98.3696,37.2211,243.933,0,0,-1.14159
98.3696,37.2211,243.933,0,0,-1.14159
76.5335,-12.27,211.874,0,0,3.05841
76.5335,-12.27,211.874,0,0,3.05841
95.7039,-26.6264,218.05,0,0,3.05841
95.7039,-26.6264,218.05,0,0,3.05841
84.5761,-26.9722,225.781,0,0,3.05841
84.5761,-26.9722,225.781,0,0,3.05841
92.8506,-33.0947,249.327,0,0,3.05841
92.8506,-33.0947,249.327,0,0,3.05841
97.3146,-23.9014,236.264,0,0,3.14159
97.3146,-23.9014,236.264,0,0,3.14159
127.658,-14.6849,220.269,0,0,3.05841
127.658,-14.6849,220.269,0,0,3.05841
144.478,-35.5979,254.49,0,0,3.05841
144.478,-35.5979,254.49,0,0,3.05841
259.174,-166.721,247.087,0,0,3.05841
259.174,-166.721,247.087,0,0,3.05841
10.7055,-37.334,445.094,0,0,0
10.7055,-37.334,445.094,0,0,0
-28.95,-163.328,344.901,0,0,0
-28.95,-163.328,344.901,0,0,0
-78.0311,-146.697,241.13,0,0,0
-78.0311,-146.697,241.13,0,0,0
-22.9638,-155.115,152.682,0,0,0
-22.9638,-155.115,152.682,0,0,0
32.851,-145.936,124.918,0,0,0
32.851,-145.936,124.918,0,0,0
-32.2741,-109.757,155.09,0,0,2.65841
-32.2741,-109.757,155.09,0,0,2.65841
-63.0491,-111.898,133.542,0,0,2.45841
-63.0491,-111.898,133.542,0,0,2.45841
-58.7551,-111.203,104.775,0,0,0
-58.7551,-111.203,104.775,0,0,0
-37.1167,-145.231,105.219,0,0,0
-37.1167,-145.231,105.219,0,0,0
-51.5962,-116.364,66.6034,0,0,2.65841
-51.5962,-116.364,66.6034,0,0,2.65841
-82.9112,-102.661,10.8823,0,0,1.45841
-82.9112,-102.661,10.8823,0,0,1.45841
-81.109,-102.956,9.50539,0,0,1.85841
-81.109,-102.956,9.50539,0,0,1.85841
-79.4812,-103.313,8.86515,0,0,1.85841
-79.4812,-103.313,8.86515,0,0,1.85841
-77.9602,-103.652,8.60098,0,0,1.65841
-77.9602,-103.652,8.60098,0,0,1.65841
-76.4669,-103.99,8.53724,0,0,1.25841
-76.4669,-103.99,8.53724,0,0,1.25841
-74.9433,-104.334,8.57981,0,0,1.25841
-74.9433,-104.334,8.57981,0,0,1.25841
-72.6237,-104.279,7.51321,0,0,1.65841
-72.6237,-104.279,7.51321,0,0,1.65841
-70.2167,-104.264,6.56409,0,0,2.05841
-70.2167,-104.264,6.56409,0,0,2.05841
-67.7205,-104.29,5.76349,0,0,1.25841
-67.7205,-104.29,5.76349,0,0,1.25841
-65.1224,-104.343,5.10971,0,0,1.45841
-65.1224,-104.343,5.10971,0,0,1.45841
-62.3799,-104.439,4.61159,0,0,1.65841
-62.3799,-104.439,4.61159,0,0,1.65841
-59.4057,-104.66,4.34215,0,0,2.05841
-59.4057,-104.66,4.34215,0,0,2.05841
-56.0748,-105.154,4.44122,0,0,2.05841
-56.0748,-105.154,4.44122,0,0,2.05841
-52.2682,-106.089,5.06719,0,0,1.65841
-52.2682,-106.089,5.06719,0,0,1.65841
-47.9381,-107.582,6.29899,0,0,1.45841
-47.9381,-107.582,6.29899,0,0,1.45841
-43.1563,-109.615,8.06824,0,0,1.45841
-43.1563,-109.615,8.06824,0,0,1.45841
-38.1202,-112.014,10.1335,0,0,1.45841
-38.1202,-112.014,10.1335,0,0,1.45841
-34.8563,-110.113,6.6075,0,0,2.65841
-34.8563,-110.113,6.6075,0,0,2.65841
-30.9583,-108.694,3.45943,0,0,1.85841
-30.9583,-108.694,3.45943,0,0,1.85841
-25.73,-104.214,7.46902,0,0,0
-25.73,-104.214,7.46902,0,0,0
-26.1501,-107.879,0.946751,0,0,1.45841
-26.1501,-107.879,0.946751,0,0,1.45841
-20.7139,-107.411,-0.888604,0,0,1.85841
-20.7139,-107.411,-0.888604,0,0,1.85841
-20.7744,-103.557,-3.56865,0,0,1.05841
-20.7744,-103.557,-3.56865,0,0,1.05841
-25.731,-104.22,-7.46673,0,0,2.25841
-25.731,-104.22,-7.46673,0,0,2.25841
-20.6496,-99.701,-5.42629,0,0,-0.141593
-20.6496,-99.701,-5.42629,0,0,-0.141593
-20.3092,-95.9715,-6.42962,0,0,2.65841
-20.3092,-95.9715,-6.42962,0,0,2.65841
-19.9589,-92.4654,-6.82982,0,0,2.85841
-19.9589,-92.4654,-6.82982,0,0,2.85841
-19.8746,-89.2707,-7.04434,0,0,2.85841
-19.8746,-89.2707,-7.04434,0,0,2.85841
-20.2038,-86.4645,-7.41607,0,0,0.458407
-20.2038,-86.4645,-7.41607,0,0,0.458407
-20.9271,-84.0499,-8.05881,0,0,0.458407
-20.9271,-84.0499,-8.05881,0,0,0.458407
-21.9913,-81.9117,-8.9734,0,0,1.05841
-21.9913,-81.9117,-8.9734,0,0,1.05841
-23.5208,-79.8798,-10.3319,0,0,1.05841
-23.5208,-79.8798,-10.3319,0,0,1.05841
-25.8815,-77.8916,-12.6513,0,0,0.458407
-25.8815,-77.8916,-12.6513,0,0,0.458407
-29.509,-76.1035,-16.6025,0,0,0.858407
-29.509,-76.1035,-16.6025,0,0,0.858407
-34.5748,-74.8284,-22.5261,0,0,0.658407
-34.5748,-74.8284,-22.5261,0,0,0.658407
-40.7609,-74.356,-30.038,0,0,0.658407
-40.7609,-74.356,-30.038,0,0,0.658407
-50.1934,-73.0437,-46.678,0,0,0.658407
-50.1934,-73.0437,-46.678,0,0,0.658407
-98.8665,-69.7439,-1.46804,0,0,1.65841
-98.8665,-69.7439,-1.46804,0,0,1.65841
-99.0171,-66.7426,-2.42894,0,0,1.45841
-99.0171,-66.7426,-2.42894,0,0,1.45841
-98.857,-63.101,-3.61612,0,0,1.45841
-98.857,-63.101,-3.61612,0,0,1.45841
-98.4328,-58.6348,-4.91045,0,0,1.25841
-98.4328,-58.6348,-4.91045,0,0,1.25841
-97.9655,-53.5404,-6.02248,0,0,1.25841
-97.9655,-53.5404,-6.02248,0,0,1.25841
-97.8288,-48.5206,-6.58571,0,0,1.45841
-97.8288,-48.5206,-6.58571,0,0,1.45841
-94.0144,-42.5574,-7.63784,0,0,0.858407
-94.0144,-42.5574,-7.63784,0,0,0.858407
-94.4176,-40.0435,-7.30821,0,0,1.05841
-94.4176,-40.0435,-7.30821,0,0,1.05841
-94.9088,-38.1488,-6.79195,0,0,1.05841
-94.9088,-38.1488,-6.79195,0,0,1.05841
-99.3552,-38.1703,-5.25837,0,0,1.25841
-99.3552,-38.1703,-5.25837,0,0,1.25841
-99.6151,-35.6973,-4.94842,0,0,1.05841
-99.6151,-35.6973,-4.94842,0,0,1.05841
-99.4861,-33.2219,-5.07997,0,0,1.25841
-99.4861,-33.2219,-5.07997,0,0,1.25841
-99.066,-30.7708,-5.56384,0,0,1.05841
-99.066,-30.7708,-5.56384,0,0,1.05841
-98.4345,-28.4016,-6.26187,0,0,1.05841
-98.4345,-28.4016,-6.26187,0,0,1.05841
-97.6461,-26.1164,-7.07447,0,0,1.05841
-97.6461,-26.1164,-7.07447,0,0,1.05841
-96.7221,-23.8659,-7.96387,0,0,1.05841
-96.7221,-23.8659,-7.96387,0,0,1.05841
-95.7062,-21.6327,-8.85857,0,0,0.858407
-95.7062,-21.6327,-8.85857,0,0,0.858407
-94.6792,-19.4872,-9.57285,0,0,0.858407
-94.6792,-19.4872,-9.57285,0,0,0.858407
-93.7627,-17.5877,-9.79315,0,0,0.658407
-93.7627,-17.5877,-9.79315,0,0,0.658407
-92.8169,-14.5906,-9.93823,0,0,1.05841
-92.8169,-14.5906,-9.93823,0,0,1.05841
-92.0303,-10.9311,-10.7426,0,0,0.858407
-92.0303,-10.9311,-10.7426,0,0,0.858407
-91.3512,-6.55491,-12.644,0,0,0.858407
-91.3512,-6.55491,-12.644,0,0,0.858407
-90.5687,-1.08704,-14.7476,0,0,-1.14159
-90.5687,-1.08704,-14.7476,0,0,-1.14159
-92.778,-1.47855,-15.0418,0,0,0.658407
-92.778,-1.47855,-15.0418,0,0,0.658407
-94.9439,-0.395804,-15.1194,0,0,-0.941593
-94.9439,-0.395804,-15.1194,0,0,-0.941593
-95.7654,-0.922798,-19.2488,0,0,-0.741593
-95.7654,-0.922798,-19.2488,0,0,-0.741593
-100.017,-5.03487,-25.0422,0,0,-0.541593
-100.017,-5.03487,-25.0422,0,0,-0.541593
-109.325,-14.5151,-33.002,0,0,-1.14159
-109.325,-14.5151,-33.002,0,0,-1.14159
-123.937,-25.5367,-41.0534,0,0,-0.541593
-123.937,-25.5367,-41.0534,0,0,-0.541593
-138.833,-30.8241,-48.2923,0,0,0.658407
-138.833,-30.8241,-48.2923,0,0,0.658407
-143.125,-25.6348,-59.1819,0,0,0.258407
-143.125,-25.6348,-59.1819,0,0,0.258407
-122.47,-21.7153,-64.7102,0,0,0.258407
-122.47,-21.7153,-64.7102,0,0,0.258407
-80.2411,-117.647,-98.826,0,0,1.05841
-80.2411,-117.647,-98.826,0,0,1.05841
-68.7702,-108.444,-62.3163,0,0,0
-68.7702,-108.444,-62.3163,0,0,0
-4.05436,-90.8392,-33.0406,0,0,2.85841
-4.05436,-90.8392,-33.0406,0,0,2.85841
12.6791,-93.8144,-33.111,0,0,1.65841
12.6791,-93.8144,-33.111,0,0,1.65841
23.4869,-94.2377,-34.8184,0,0,3.05841
23.4869,-94.2377,-34.8184,0,0,3.05841
29.0401,-91.3394,-36.9583,0,0,0.658407
29.0401,-91.3394,-36.9583,0,0,0.658407
32.2667,-86.8142,-35.1234,0,0,2.85841
32.2667,-86.8142,-35.1234,0,0,2.85841
31.3363,-80.4372,-31.9434,0,0,1.65841
31.3363,-80.4372,-31.9434,0,0,1.65841
26.5442,-73.7137,-27.9766,0,0,0.858407
26.5442,-73.7137,-27.9766,0,0,0.858407
23.3738,-69.5375,-24.132,0,0,1.65841
23.3738,-69.5375,-24.132,0,0,1.65841
21.7334,-67.3064,-20.1297,0,0,-2.94159
21.7334,-67.3064,-20.1297,0,0,-2.94159
21.7274,-66.5414,-15.9553,0,0,3.14159
21.7274,-66.5414,-15.9553,0,0,3.14159
23.4317,-66.7957,-12.948,0,0,3.14159
23.4317,-66.7957,-12.948,0,0,3.14159
29.8301,-62.5652,-11.9303,0,0,2.85841
29.8301,-62.5652,-11.9303,0,0,2.85841
37.2274,-58.767,-12.6915,0,0,2.05841
37.2274,-58.767,-12.6915,0,0,2.05841
41.3683,-54.8077,-16.6926,0,0,1.45841
41.3683,-54.8077,-16.6926,0,0,1.45841
47.1608,-51.6929,-22.2112,0,0,-2.74159
47.1608,-51.6929,-22.2112,0,0,-2.74159
54.6284,-51.2239,-27.5553,0,0,3.05841
54.6284,-51.2239,-27.5553,0,0,3.05841
66.4325,-53.7808,-29.381,0,0,2.65841
66.4325,-53.7808,-29.381,0,0,2.65841
82.8837,-54.3226,-19.6658,0,0,1.85841
82.8837,-54.3226,-19.6658,0,0,1.85841
93.5232,-41.8004,-26.5839,0,0,2.05841
93.5232,-41.8004,-26.5839,0,0,2.05841
85.6979,-41.0249,-31.5216,0,0,-2.54159
85.6979,-41.0249,-31.5216,0,0,-2.54159
79.9296,-34.3709,-31.4814,0,0,-2.14159
79.9296,-34.3709,-31.4814,0,0,-2.14159
76.3199,-25.7458,-33.2811,0,0,-2.54159
76.3199,-25.7458,-33.2811,0,0,-2.54159
77.9723,-22.2083,-31.8811,0,0,-2.34159
77.9723,-22.2083,-31.8811,0,0,-2.34159
80.9105,-19.647,-31.5036,0,0,-2.54159
80.9105,-19.647,-31.5036,0,0,-2.54159
83.927,-18.0029,-31.5237,0,0,-2.74159
83.927,-18.0029,-31.5237,0,0,-2.74159
86.9872,-17.2597,-31.7484,0,0,3.14159
86.9872,-17.2597,-31.7484,0,0,3.14159
90.2594,-17.2449,-31.9941,0,0,3.05841
90.2594,-17.2449,-31.9941,0,0,3.05841
94.061,-17.746,-32.1079,0,0,3.05841
94.061,-17.746,-32.1079,0,0,3.05841
98.6579,-18.7766,-31.9488,0,0,2.85841
98.6579,-18.7766,-31.9488,0,0,2.85841
104.297,-20.3939,-31.1763,0,0,2.85841
104.297,-20.3939,-31.1763,0,0,2.85841
110.933,-22.1885,-29.3796,0,0,2.85841
110.933,-22.1885,-29.3796,0,0,2.85841
118.371,-22.8266,-26.1297,0,0,3.14159
118.371,-22.8266,-26.1297,0,0,3.14159
125.925,-20.7403,-21.4123,0,0,-2.74159
125.925,-20.7403,-21.4123,0,0,-2.74159
133.054,-15.2005,-15.5264,0,0,-2.74159
133.054,-15.2005,-15.5264,0,0,-2.74159
134.786,-6.73016,-15.5077,0,0,-2.34159
134.786,-6.73016,-15.5077,0,0,-2.34159
135.995,3.47641,-14.9501,0,0,-2.14159
135.995,3.47641,-14.9501,0,0,-2.14159
136.884,14.372,-13.9974,0,0,3.14159
136.884,14.372,-13.9974,0,0,3.14159
135.397,10.2298,-21.7095,0,0,2.45841
135.397,10.2298,-21.7095,0,0,2.45841
134.021,7.03918,-28.4787,0,0,2.45841
134.021,7.03918,-28.4787,0,0,2.45841
133.117,5.34285,-33.9124,0,0,2.45841
133.117,5.34285,-33.9124,0,0,2.45841
133.223,5.00451,-38.2567,0,0,-2.74159
133.223,5.00451,-38.2567,0,0,-2.74159
135.421,5.29734,-42.5406,0,0,-2.94159
135.421,5.29734,-42.5406,0,0,-2.94159
141.451,5.19703,-48.4361,0,0,3.05841
141.451,5.19703,-48.4361,0,0,3.05841
153.087,3.78437,-57.6497,0,0,3.05841
153.087,3.78437,-57.6497,0,0,3.05841
152.784,11.5247,-60.3345,0,0,-2.34159
152.784,11.5247,-60.3345,0,0,-2.34159
141.138,16.7694,-53.018,0,0,-2.14159
141.138,16.7694,-53.018,0,0,-2.14159
135.061,20.4595,-49.6964,0,0,-2.14159
135.061,20.4595,-49.6964,0,0,-2.14159
132.543,23.071,-48.9828,0,0,-2.14159
132.543,23.071,-48.9828,0,0,-2.14159
131.666,25.1404,-49.4584,0,0,-2.14159
131.666,25.1404,-49.4584,0,0,-2.14159
131.288,27.0373,-50.1668,0,0,-2.14159
131.288,27.0373,-50.1668,0,0,-2.14159
131.072,29.1208,-50.5976,0,0,-2.14159
131.072,29.1208,-50.5976,0,0,-2.14159
130.448,30.9448,-50.2705,0,0,-2.14159
130.448,30.9448,-50.2705,0,0,-2.14159
128.443,30.3876,-55.6965,0,0,-2.14159
128.443,30.3876,-55.6965,0,0,-2.14159
128.219,31.8965,-54.4784,0,0,-2.14159
128.219,31.8965,-54.4784,0,0,-2.14159
126.886,36.4245,-53.1191,0,0,-2.14159
126.886,36.4245,-53.1191,0,0,-2.14159
125.227,39.379,-52.3649,0,0,-2.14159
125.227,39.379,-52.3649,0,0,-2.14159
123.033,42.8105,-51.7118,0,0,-2.14159
123.033,42.8105,-51.7118,0,0,-2.14159
119.908,46.5236,-52.0442,0,0,-1.74159
119.908,46.5236,-52.0442,0,0,-1.74159
119.565,46.2112,-53.8125,0,0,3.05841
119.565,46.2112,-53.8125,0,0,3.05841
119.131,46.15,-55.5119,0,0,-2.14159
119.131,46.15,-55.5119,0,0,-2.14159
118.533,46.3827,-57.0562,0,0,-2.14159
118.533,46.3827,-57.0562,0,0,-2.14159
117.811,46.7832,-58.4272,0,0,-2.14159
117.811,46.7832,-58.4272,0,0,-2.14159
117.063,47.1193,-59.6454,0,0,-1.74159
117.063,47.1193,-59.6454,0,0,-1.74159
116.381,47.1018,-60.7389,0,0,-2.34159
116.381,47.1018,-60.7389,0,0,-2.34159
115.819,46.3809,-61.7374,0,0,3.05841
115.819,46.3809,-61.7374,0,0,3.05841
115.445,44.5602,-62.7156,0,0,2.85841
115.445,44.5602,-62.7156,0,0,2.85841
115.362,41.3406,-63.8093,0,0,3.14159
115.362,41.3406,-63.8093,0,0,3.14159
115.647,36.7705,-65.2509,0,0,3.14159
115.647,36.7705,-65.2509,0,0,3.14159
116.455,31.4084,-67.0572,0,0,3.14159
116.455,31.4084,-67.0572,0,0,3.14159
99.0488,31.0457,-92.0285,0,0,-2.54159
99.0488,31.0457,-92.0285,0,0,-2.54159
99.4087,17.4191,-98.8534,0,0,-2.34159
99.4087,17.4191,-98.8534,0,0,-2.34159
101.632,55.0094,-146.513,0,0,-1.94159
101.632,55.0094,-146.513,0,0,-1.94159
95.5409,44.4059,-90.0821,0,0,-2.34159
95.5409,44.4059,-90.0821,0,0,-2.34159
91.6941,56.9794,-87.9013,0,0,-2.14159
91.6941,56.9794,-87.9013,0,0,-2.14159
87.1224,67.9019,-85.6577,0,0,-1.54159
87.1224,67.9019,-85.6577,0,0,-1.54159
84.3529,76.9618,-80.0178,0,0,-1.74159
84.3529,76.9618,-80.0178,0,0,-1.74159
83.6052,84.5386,-71.1148,0,0,-2.14159
83.6052,84.5386,-71.1148,0,0,-2.14159
83.2343,87.1707,-66.0491,0,0,-1.94159
83.2343,87.1707,-66.0491,0,0,-1.94159
84.1763,88.3979,-61.1925,0,0,-2.14159
84.1763,88.3979,-61.1925,0,0,-2.14159
85.0102,89.7898,-56.718,0,0,-1.94159
85.0102,89.7898,-56.718,0,0,-1.94159
85.676,91.2932,-52.485,0,0,-1.94159
85.676,91.2932,-52.485,0,0,-1.94159
86.3471,92.592,-48.1842,0,0,-2.14159
86.3471,92.592,-48.1842,0,0,-2.14159
87.3908,92.9789,-43.3757,0,0,3.14159
87.3908,92.9789,-43.3757,0,0,3.14159
89.2618,91.5261,-37.6275,0,0,3.05841
89.2618,91.5261,-37.6275,0,0,3.05841
92.3342,87.4918,-30.9674,0,0,-2.54159
92.3342,87.4918,-30.9674,0,0,-2.54159
96.7797,81.0605,-20.194,0,0,3.05841
96.7797,81.0605,-20.194,0,0,3.05841
101.899,73.1267,-13.8798,0,0,-2.74159
101.899,73.1267,-13.8798,0,0,-2.74159
96.2161,86.9762,-13.0989,0,0,-1.34159
96.2161,86.9762,-13.0989,0,0,-1.34159
91.0607,99.5745,-16.9986,0,0,-1.14159
91.0607,99.5745,-16.9986,0,0,-1.14159
86.8529,110.286,-17.2849,0,0,-1.74159
86.8529,110.286,-17.2849,0,0,-1.74159
80.1469,117.592,-21.9583,0,0,-1.54159
80.1469,117.592,-21.9583,0,0,-1.54159
-6.7025,120.294,-14.0917,0,0,-0.741593
-6.7025,120.294,-14.0917,0,0,-0.741593
-37.7694,158.636,-12.1975,0,0,-0.741593
-37.7694,158.636,-12.1975,0,0,-0.741593
-37.6558,156.258,-10.7281,0,0,-0.741593
-37.6558,156.258,-10.7281,0,0,-0.741593
14.4446,120.148,46.4986,0,0,-1.14159
14.4446,120.148,46.4986,0,0,-1.14159
12.0133,117.147,49.2258,0,0,-1.14159
12.0133,117.147,49.2258,0,0,-1.14159
11.3119,113.535,51.9478,0,0,-2.94159
11.3119,113.535,51.9478,0,0,-2.94159
12.5536,109.111,54.6551,0,0,-2.74159
12.5536,109.111,54.6551,0,0,-2.74159
15.5375,103.911,57.3512,0,0,3.05841
15.5375,103.911,57.3512,0,0,3.05841
18.0284,98.6242,60.0262,0,0,-2.94159
18.0284,98.6242,60.0262,0,0,-2.94159
19.71,93.4543,62.662,0,0,3.05841
19.71,93.4543,62.662,0,0,3.05841
20.5233,88.4858,65.2698,0,0,-2.74159
20.5233,88.4858,65.2698,0,0,-2.74159
21.1618,83.5425,67.88,0,0,-2.94159
21.1618,83.5425,67.88,0,0,-2.94159
21.7322,78.5624,70.5324,0,0,-2.74159
21.7322,78.5624,70.5324,0,0,-2.74159
22.3016,73.4827,73.257,0,0,3.05841
22.3016,73.4827,73.257,0,0,3.05841
22.9097,68.2621,76.0677,0,0,3.05841
22.9097,68.2621,76.0677,0,0,3.05841
23.5735,62.8996,78.9659,0,0,2.85841
23.5735,62.8996,78.9659,0,0,2.85841
85.1228,-21.4553,39.4258,0,0,3.05841
85.1228,-21.4553,39.4258,0,0,3.05841
138.272,-40.5878,26.0257,0,0,0
138.272,-40.5878,26.0257,0,0,0
168.699,-24.9646,-18.6015,0,0,3.05841
168.699,-24.9646,-18.6015,0,0,3.05841
174.149,-26.4323,-69.4632,0,0,0
174.149,-26.4323,-69.4632,0,0,0
173.541,-25.8947,-69.0351,0,0,0
173.541,-25.8947,-69.0351,0,0,0
170.736,0.71563,-70.8155,0,0,2.85841
170.736,0.71563,-70.8155,0,0,2.85841
170.536,4.579,-72.0478,0,0,-2.34159
170.536,4.579,-72.0478,0,0,-2.34159
192.376,-3.50606,-86.7099,0,0,-2.54159
192.376,-3.50606,-86.7099,0,0,-2.54159
195.879,-33.4881,-87.4146,0,0,3.05841
195.879,-33.4881,-87.4146,0,0,3.05841
184.147,-35.6434,-114.736,0,0,3.14159
184.147,-35.6434,-114.736,0,0,3.14159
193.01,-35.4941,-115.534,0,0,3.14159
193.01,-35.4941,-115.534,0,0,3.14159
210.433,-34.7859,-127.731,0,0,3.14159
210.433,-34.7859,-127.731,0,0,3.14159
453.405,-115.417,-332.337,0,0,0
453.405,-115.417,-332.337,0,0,0
369.442,-156.813,-293.677,0,0,0
369.442,-156.813,-293.677,0,0,0
380.59,-210.977,-268.07,0,0,0
380.59,-210.977,-268.07,0,0,0
157.763,-92.7762,-107.605,0,0,0
157.763,-92.7762,-107.605,0,0,0
147.634,-21.6563,-98.7205,0,0,0
147.634,-21.6563,-98.7205,0,0,0
124.123,-27.8293,-102.205,0,0,0
124.123,-27.8293,-102.205,0,0,0
114.924,-21.4994,-88.895,0,0,3.14159
114.924,-21.4994,-88.895,0,0,3.14159
97.6729,-28.5753,-76.21,0,0,0
97.6729,-28.5753,-76.21,0,0,0
83.8003,-22.0194,-110.604,0,0,3.05841
83.8003,-22.0194,-110.604,0,0,3.05841
69.7567,-26.8247,-74.2101,0,0,0
69.7567,-26.8247,-74.2101,0,0,0
3.71807,-2.41126,-83.0944,0,0,-1.54159
3.71807,-2.41126,-83.0944,0,0,-1.54159
-12.4777,7.31453,-86.557,0,0,-1.14159
-12.4777,7.31453,-86.557,0,0,-1.14159
-54.9053,8.81656,-43.4464,0,0,-0.141593
-54.9053,8.81656,-43.4464,0,0,-0.141593
-75.3772,20.9637,-40.1576,0,0,-1.14159
-75.3772,20.9637,-40.1576,0,0,-1.14159
-77.4261,21.0708,-25.7952,0,0,-0.941593
-77.4261,21.0708,-25.7952,0,0,-0.941593
-78.9743,19.5875,-17.5845,0,0,-1.54159
-78.9743,19.5875,-17.5845,0,0,-1.54159
-81.7965,18.7184,-12.8689,0,0,-0.941593
-81.7965,18.7184,-12.8689,0,0,-0.941593
-85.2867,18.3684,-9.72552,0,0,-1.34159
-85.2867,18.3684,-9.72552,0,0,-1.34159
-88.1343,19.2619,-6.21625,0,0,0.658407
-88.1343,19.2619,-6.21625,0,0,0.658407
-90.2902,20.5665,-2.43227,0,0,-1.54159
-90.2902,20.5665,-2.43227,0,0,-1.54159
-91.8543,22.2042,1.10573,0,0,0.258407
-91.8543,22.2042,1.10573,0,0,0.258407
-92.8356,24.1173,4.13437,0,0,0.0584073
-92.8356,24.1173,4.13437,0,0,0.0584073
-93.2825,26.2907,6.68362,0,0,0.458407
-93.2825,26.2907,6.68362,0,0,0.458407
-93.3727,28.6045,8.94016,0,0,0.258407
-93.3727,28.6045,8.94016,0,0,0.258407
-93.3937,30.9632,11.0286,0,0,0.658407
-93.3937,30.9632,11.0286,0,0,0.658407
-93.8613,33.1604,12.9861,0,0,0.0584073
-93.8613,33.1604,12.9861,0,0,0.0584073
-94.6294,35.215,14.8944,0,0,-0.341593
-94.6294,35.215,14.8944,0,0,-0.341593
-95.0444,36.3591,15.6138,0,0,0.0584073
-95.0444,36.3591,15.6138,0,0,0.0584073
-94.6653,37.5219,16.488,0,0,0.0584073
-94.6653,37.5219,16.488,0,0,0.0584073
-93.7102,38.5434,17.5375,0,0,-0.341593
-93.7102,38.5434,17.5375,0,0,-0.341593
-92.2569,39.3168,18.5864,0,0,-0.341593
-92.2569,39.3168,18.5864,0,0,-0.341593
-90.91,39.948,19.6709,0,0,0.0584073
-90.91,39.948,19.6709,0,0,0.0584073
-89.6751,40.595,20.7565,0,0,0.458407
-89.6751,40.595,20.7565,0,0,0.458407
-88.6053,41.344,21.8897,0,0,0.0584073
-88.6053,41.344,21.8897,0,0,0.0584073
-87.9551,42.0352,23.323,0,0,0.0584073
-87.9551,42.0352,23.323,0,0,0.0584073
-87.6924,42.6005,24.9909,0,0,0.0584073
-87.6924,42.6005,24.9909,0,0,0.0584073
-87.818,43.0017,26.8348,0,0,0.0584073
-87.818,43.0017,26.8348,0,0,0.0584073
-87.3436,43.4768,28.0641,0,0,0.0584073
-87.3436,43.4768,28.0641,0,0,0.0584073
-86.1985,44.0757,28.7895,0,0,0.458407
-86.1985,44.0757,28.7895,0,0,0.458407
-84.3225,44.9024,29.109,0,0,0.0584073
-84.3225,44.9024,29.109,0,0,0.0584073
-82.6694,45.9399,29.852,0,0,0.0584073
-82.6694,45.9399,29.852,0,0,0.0584073
-81.2881,47.5071,30.9312,0,0,0.0584073
-81.2881,47.5071,30.9312,0,0,0.0584073
-80.3323,52.5757,32.2451,0,0,-0.141593
-80.3323,52.5757,32.2451,0,0,-0.141593
-79.3974,60.8262,33.5803,0,0,-0.141593
-79.3974,60.8262,33.5803,0,0,-0.141593
-78.4678,71.2472,35.0377,0,0,-0.141593
-78.4678,71.2472,35.0377,0,0,-0.141593
-77.1559,74.417,36.8504,0,0,-0.141593
-77.1559,74.417,36.8504,0,0,-0.141593
-75.6256,70.2492,39.0136,0,0,-1.34159
-75.6256,70.2492,39.0136,0,0,-1.34159
-73.9234,59.5983,41.4531,0,0,-1.34159
-73.9234,59.5983,41.4531,0,0,-1.34159
-72.4809,52.0226,43.8827,0,0,-1.34159
-72.4809,52.0226,43.8827,0,0,-1.34159
-71.2674,48.0017,46.1598,0,0,-0.541593
-71.2674,48.0017,46.1598,0,0,-0.541593
-70.2743,47.3925,48.268,0,0,-0.341593
-70.2743,47.3925,48.268,0,0,-0.341593
-69.3957,46.9488,50.3246,0,0,-0.541593
-69.3957,46.9488,50.3246,0,0,-0.541593
-68.6884,46.3969,52.416,0,0,-0.741593
-68.6884,46.3969,52.416,0,0,-0.741593
-68.2255,45.6361,54.5624,0,0,-1.14159
-68.2255,45.6361,54.5624,0,0,-1.14159
-68.057,44.6896,56.7423,0,0,-1.54159
-68.057,44.6896,56.7423,0,0,-1.54159
-68.1978,43.6321,58.9286,0,0,-1.74159
-68.1978,43.6321,58.9286,0,0,-1.74159
-68.6116,42.5568,61.114,0,0,-2.14159
-68.6116,42.5568,61.114,0,0,-2.14159
-69.1952,41.5454,63.3098,0,0,-1.34159
-69.1952,41.5454,63.3098,0,0,-1.34159
-65.673,41.1042,65.9177,0,0,-0.141593
-65.673,41.1042,65.9177,0,0,-0.141593
-62.3526,40.7331,68.5227,0,0,-0.141593
-62.3526,40.7331,68.5227,0,0,-0.141593
-59.2725,40.4421,71.0951,0,0,-0.141593
-59.2725,40.4421,71.0951,0,0,-0.141593
-56.3165,40.2928,73.6233,0,0,0.0584073
-56.3165,40.2928,73.6233,0,0,0.0584073
-53.2947,40.3645,76.1317,0,0,0.0584073
-53.2947,40.3645,76.1317,0,0,0.0584073
-50.1383,40.62,78.676,0,0,-0.141593
-50.1383,40.62,78.676,0,0,-0.141593
-46.913,40.9344,81.3248,0,0,0.0584073
-46.913,40.9344,81.3248,0,0,0.0584073
-43.7801,41.1281,84.1286,0,0,0.0584073
-43.7801,41.1281,84.1286,0,0,0.0584073
-40.8357,41.0625,87.0957,0,0,-0.141593
-40.8357,41.0625,87.0957,0,0,-0.141593
-38.1067,40.5381,90.1998,0,0,-0.341593
-38.1067,40.5381,90.1998,0,0,-0.341593
-35.5456,39.2646,93.412,0,0,-0.941593
-35.5456,39.2646,93.412,0,0,-0.941593
-33.0894,36.9378,96.7399,0,0,-0.941593
-33.0894,36.9378,96.7399,0,0,-0.941593
-30.6668,33.5158,100.216,0,0,-0.941593
-30.6668,33.5158,100.216,0,0,-0.941593
-28.2457,29.39,103.846,0,0,-0.341593
-28.2457,29.39,103.846,0,0,-0.341593
-26.5832,33.0601,105.302,0,0,-0.541593
-26.5832,33.0601,105.302,0,0,-0.541593
-24.7964,36.1981,107.039,0,0,0.0584073
-24.7964,36.1981,107.039,0,0,0.0584073
-22.858,38.4548,109.102,0,0,-0.141593
-22.858,38.4548,109.102,0,0,-0.141593
-20.8435,39.7905,111.411,0,0,-0.141593
-20.8435,39.7905,111.411,0,0,-0.141593
-18.8401,40.4109,113.847,0,0,-0.741593
-18.8401,40.4109,113.847,0,0,-0.741593
-16.8949,40.6038,116.326,0,0,-0.141593
-16.8949,40.6038,116.326,0,0,-0.141593
-15.0179,40.5945,118.806,0,0,-0.541593
-15.0179,40.5945,118.806,0,0,-0.541593
-13.2123,40.4955,121.264,0,0,-0.741593
-13.2123,40.4955,121.264,0,0,-0.741593
-11.482,40.3329,123.679,0,0,-0.541593
-11.482,40.3329,123.679,0,0,-0.541593
-9.82884,40.0999,126.039,0,0,-0.541593
-9.82884,40.0999,126.039,0,0,-0.541593
-8.24952,39.7897,128.338,0,0,-0.941593
-8.24952,39.7897,128.338,0,0,-0.941593
-6.73635,39.4079,130.576,0,0,-0.741593
-6.73635,39.4079,130.576,0,0,-0.741593
-5.28005,38.9684,132.752,0,0,-1.14159
-5.28005,38.9684,132.752,0,0,-1.14159
-3.87363,38.4895,134.866,0,0,-0.941593
-3.87363,38.4895,134.866,0,0,-0.941593
-2.51533,37.9875,136.912,0,0,-0.541593
-2.51533,37.9875,136.912,0,0,-0.541593
-1.20918,37.4738,138.887,0,0,-0.541593
-1.20918,37.4738,138.887,0,0,-0.541593
0.0381615,36.9509,140.786,0,0,-0.541593
0.0381615,36.9509,140.786,0,0,-0.541593
1.22173,36.4144,142.606,0,0,-0.541593
1.22173,36.4144,142.606,0,0,-0.541593
2.34059,35.8575,144.346,0,0,-0.541593
2.34059,35.8575,144.346,0,0,-0.541593
3.39716,35.2765,146.001,0,0,-0.941593
3.39716,35.2765,146.001,0,0,-0.941593
4.39541,34.6721,147.57,0,0,-0.741593
4.39541,34.6721,147.57,0,0,-0.741593
5.3405,34.0476,149.05,0,0,-0.541593
5.3405,34.0476,149.05,0,0,-0.541593
6.23909,33.4053,150.44,0,0,-0.541593
6.23909,33.4053,150.44,0,0,-0.541593
7.0988,32.7468,151.738,0,0,-0.741593
7.0988,32.7468,151.738,0,0,-0.741593
7.92694,32.0786,152.939,0,0,-0.741593
7.92694,32.0786,152.939,0,0,-0.741593
8.72959,31.4173,154.037,0,0,-1.34159
8.72959,31.4173,154.037,0,0,-1.34159
9.51291,30.7876,155.029,0,0,-0.941593
9.51291,30.7876,155.029,0,0,-0.941593
10.2825,30.2111,155.911,0,0,-0.741593
10.2825,30.2111,155.911,0,0,-0.741593
11.001,29.6231,156.69,0,0,-0.741593
11.001,29.6231,156.69,0,0,-0.741593
11.6323,28.9518,157.373,0,0,-0.941593
11.6323,28.9518,157.373,0,0,-0.941593
12.1449,28.1305,157.963,0,0,-1.14159
12.1449,28.1305,157.963,0,0,-1.14159
12.5933,27.2456,158.447,0,0,-1.14159
12.5933,27.2456,158.447,0,0,-1.14159
13.0248,26.3726,158.816,0,0,-1.14159
13.0248,26.3726,158.816,0,0,-1.14159
13.4735,25.5636,159.065,0,0,-1.14159
13.4735,25.5636,159.065,0,0,-1.14159
13.9239,24.7815,159.196,0,0,-1.34159
13.9239,24.7815,159.196,0,0,-1.34159
14.3607,23.9917,159.212,0,0,-1.14159
14.3607,23.9917,159.212,0,0,-1.14159
14.7745,23.1743,159.109,0,0,-1.14159
14.7745,23.1743,159.109,0,0,-1.14159
15.162,22.3238,158.887,0,0,-1.34159
15.162,22.3238,158.887,0,0,-1.34159
15.529,21.4463,158.548,0,0,-1.14159
15.529,21.4463,158.548,0,0,-1.14159
15.8896,20.553,158.099,0,0,-1.34159
15.8896,20.553,158.099,0,0,-1.34159
16.2615,19.65,157.546,0,0,-1.34159
16.2615,19.65,157.546,0,0,-1.34159
16.6563,18.7281,156.892,0,0,-1.34159
16.6563,18.7281,156.892,0,0,-1.34159
17.0767,17.7641,156.137,0,0,-1.34159
17.0767,17.7641,156.137,0,0,-1.34159
17.5261,16.736,155.282,0,0,-1.34159
17.5261,16.736,155.282,0,0,-1.34159
18.0321,15.6398,154.339,0,0,-1.54159
18.0321,15.6398,154.339,0,0,-1.54159
18.6433,14.4877,153.323,0,0,-1.14159
18.6433,14.4877,153.323,0,0,-1.14159
19.3906,13.2873,152.239,0,0,-1.34159
19.3906,13.2873,152.239,0,0,-1.34159
20.2311,12.0321,151.072,0,0,-0.941593
20.2311,12.0321,151.072,0,0,-0.941593
22.0414,10.4575,149.798,0,0,-1.34159
22.0414,10.4575,149.798,0,0,-1.34159
21.8536,7.65892,148.612,0,0,-2.14159
21.8536,7.65892,148.612,0,0,-2.14159
20.7112,6.93131,146.729,0,0,-2.54159
20.7112,6.93131,146.729,0,0,-2.54159
19.5939,6.04818,144.897,0,0,-2.34159
19.5939,6.04818,144.897,0,0,-2.34159
18.4596,4.84308,143.196,0,0,-2.34159
18.4596,4.84308,143.196,0,0,-2.34159
17.2428,3.06907,141.563,0,0,-2.14159
17.2428,3.06907,141.563,0,0,-2.14159
15.9328,0.35155,139.832,0,0,-1.94159
15.9328,0.35155,139.832,0,0,-1.94159
14.5408,-3.63632,137.945,0,0,-1.94159
14.5408,-3.63632,137.945,0,0,-1.94159
14.3289,-8.88145,135.051,0,0,-1.74159
14.3289,-8.88145,135.051,0,0,-1.74159
15.56,-14.2852,133.187,0,0,-1.74159
15.56,-14.2852,133.187,0,0,-1.74159
17.7888,-28.1134,129.67,0,0,3.14159
17.7888,-28.1134,129.67,0,0,3.14159
19.7346,-14.6296,129.126,0,0,-2.74159
19.7346,-14.6296,129.126,0,0,-2.74159
22.4402,-15.661,125.937,0,0,-1.74159
22.4402,-15.661,125.937,0,0,-1.74159
23.9706,-17.3358,122.628,0,0,-1.34159
23.9706,-17.3358,122.628,0,0,-1.34159
22.7818,-17.3558,117.658,0,0,-2.94159
22.7818,-17.3558,117.658,0,0,-2.94159
18.7671,-18.3609,110.85,0,0,3.05841
18.7671,-18.3609,110.85,0,0,3.05841
-9.66471,-41.9503,81.327,0,0,0
-9.66471,-41.9503,81.327,0,0,0
-6.45797,-21.0927,50.5655,0,0,3.05841
-6.45797,-21.0927,50.5655,0,0,3.05841
0,0,100,0,0,0
